titulo,marca
Zapatilla Waterproof Hombre Panama Jack - L743,PANAMA JACK
Zapatilla Outdoor Hombre Panama Jack - L742,PANAMA JACK
Zapatilla Waterproof Hombre Panama Jack - L743,PANAMA JACK
DC Shoes Court Graffik Hombre Adultos,DC SHOES
Zapatilla Outdoor Hombre Panama Jack - L742,PANAMA JACK
Zapatilla Outdoor Hombre Panama Jack - L741,PANAMA JACK
Zapatillas adidas Casual Cloudfoam Comfy  Hombre Ih6129,ADIDAS
Zapatillas Hombre Dynamight Bk Negro Skechers,SKECHERS
Zapatillas Converse Chuck Taylor All Star Ox Negro Unisex,CONVERSE
Zapatillas Nike Court Vision Low Next Nature Verde Hombre,NIKE
Zapatilla Hombre Crisis 2 Suede Shoes 3bk Negro Dc,DC SHOES
Zapatillas Hombre Oak Canyon Ng Negro Skechers,SKECHERS
Zapatilla Hombre Firecamp Iii Water Negro Columbia,COLUMBIA
Zapatilla Caña Alta  Guante  Tokio  Maldo  0035822,GUANTE
Zapatilla Caña Alta  Guante  Tokio  Marino  0035740,GUANTE
Zapatilla Caña Alta  Guante  Kn  Marino  0035637,GUANTE
Zapatillas Urbanas Hombre New Balance 515 Negra,NEW BALANCE
Zapatilla  Guante  Hamilton  Marino  0035680,GUANTE
Zapatilla  Guante  Maine  Verde Militar  0035691,GUANTE
Zapatilla Caña Alta  Guante  Kn  Chocolate  0035638,GUANTE
Zapatilla Hombre Court Graffik Dc Negro,DC SHOES
Zapatilla Puma Rebound V6 Negro Hombre,PUMA
Zapatilla Puma Caven 2.0 Mid Blanco Hombre,PUMA
Zapatilla Urbana Hombre L001 Set 224 2 Sma,LACOSTE
Zapatillas Urbanas Hombre Reebok Bb 1000 Blanco,REEBOK
Zapatillas Nike Grandstand 2 Marrón Hombre,NIKE
Tenis De Seguridad Zapatos Industrial Trabajo Hombre Nieion,NIEION
Newton Ridge Plus Outdoor Cordovan Columbia,COLUMBIA
Zapatos De Seguridad Tenis Deportivos Industriales Nieion,NIEION
Zapatillas Converse Chuck Taylor All Star Hi Negro Unisex,CONVERSE
Zapatillas Trail Running Hombre New Balance Fresh Foam Garoe,NEW BALANCE
Botines Escolares Unisex Zapatillas Colegio,STRONG
Zapatillas De Hombre Color Negro Court Graffik 3bk Dc Shoes,DC SHOES
Zapatillas Spalding Outdoor Hombre Valkiria,SPALDING
Zapatillas Court Para Hombre Ajuste De Cordones adidas,ADIDAS
Zapatillas Urbanas Hombre New Balance 373 Azul,NEW BALANCE
Zapatilla Sin Género Negro 55188 Colloky,COLLOKY
Zapatillas Trail Running Hombre New Balance Nitrel V5 Negro,NEW BALANCE
Zapatillas De Cojín Ortopédicas Deportivas Mujer Y Hombre,ALLIDEA
Surf Playa Agua Zapatos Zapatos De Vadeo Antideslizante S18,PUGOOD
Zapatillas Converse Chuck Taylor All Star Ox Blanco Unisex,CONVERSE
Zapatillas Hombre C-skate Fres Puma Grises/negras,PUMA
Zapatilla Hombre Firecamp Remesh Gris Columbia,COLUMBIA
Zapatillas Converse Chuck Taylor All Star Hi En Negro,CONVERSE
Zapatilla Hombre Kronos Mostaza / Negro Lippi I25,LIPPI
Zapatillas De Cojín Ortopédicas Deportivas Mujer Y Hombre,ALLIDEA
Zapatillas Hombre Terrex Ax4 Mid Gore-tex adidas Negras,ADIDAS
Zapatillas Hombre Terrex Anylander Adidas Negras,ADIDAS
Zapatillas Running Hombre New Balance 460 Negra,NEW BALANCE
Zapatillas Nike Court Vision Low Next Nature Hombre Negro,NIKE SPORTSWEAR
